webName,ID,firstName,secondName,fullName
Cech,1,Petr,Cech,Petr Cech
Leno,2,Bernd,Leno,Bernd Leno
Koscielny,3,Laurent,Koscielny,Laurent Koscielny
Bellerín,4,Héctor,Bellerín,Héctor Bellerín
Monreal,5,Nacho,Monreal,Nacho Monreal
Holding,6,Rob,Holding,Rob Holding
Mustafi,7,Shkodran,Mustafi,Shkodran Mustafi
Kolasinac,8,Sead,Kolasinac,Sead Kolasinac
Mavropanos,10,Konstantinos,Mavropanos,Konstantinos Mavropanos
Lichtsteiner,11,Stephan,Lichtsteiner,Stephan Lichtsteiner
Sokratis,12,Sokratis,Papastathopoulos,Sokratis Papastathopoulos
Özil,13,Mesut,Özil,Mesut Özil
Ramsey,14,Aaron,Ramsey,Aaron Ramsey
Iwobi,15,Alex,Iwobi,Alex Iwobi
Elneny,16,Mohamed,Elneny,Mohamed Elneny
Xhaka,17,Granit,Xhaka,Granit Xhaka
Mkhitaryan,18,Henrikh,Mkhitaryan,Henrikh Mkhitaryan
Nelson,19,Reiss,Nelson,Reiss Nelson
Maitland-Niles,20,Ainsley,Maitland-Niles,Ainsley Maitland-Niles
Welbeck,21,Danny,Welbeck,Danny Welbeck
Lacazette,22,Alexandre,Lacazette,Alexandre Lacazette
Aubameyang,23,Pierre-Emerick,Aubameyang,Pierre-Emerick Aubameyang
Torreira,450,Lucas,Torreira,Lucas Torreira
Guendouzi,451,Matteo,Guendouzi,Matteo Guendouzi
Martínez,542,Emiliano,Martínez,Emiliano Martínez
Smith-Rowe,545,Emile,Smith-Rowe,Emile Smith-Rowe
Medley,546,Zech,Medley,Zech Medley
Nketiah,552,Edward,Nketiah,Edward Nketiah
Saka,563,Bukayo,Saka,Bukayo Saka
Willock,566,Joseph,Willock,Joseph Willock
Jenkinson,581,Carl,Jenkinson,Carl Jenkinson
Suárez,586,Denis,Suárez,Denis Suárez
Begovic,24,Asmir,Begovic,Asmir Begovic
Boruc,25,Artur,Boruc,Artur Boruc
Francis,26,Simon,Francis,Simon Francis
Steve Cook,27,Steve,Cook,Steve Cook
Daniels,28,Charlie,Daniels,Charlie Daniels
Adam Smith,29,Adam,Smith,Adam Smith
Mings,30,Tyrone,Mings,Tyrone Mings
Aké,31,Nathan,Aké,Nathan Aké
Simpson,32,Jack,Simpson,Jack Simpson
Pugh,34,Marc,Pugh,Marc Pugh
Surman,35,Andrew,Surman,Andrew Surman
Stanislas,36,Junior,Stanislas,Junior Stanislas
Gosling,37,Dan,Gosling,Dan Gosling
Ibe,38,Jordon,Ibe,Jordon Ibe
Lewis Cook,39,Lewis,Cook,Lewis Cook
Fraser,40,Ryan,Fraser,Ryan Fraser
Hyndman,41,Emerson,Hyndman,Emerson Hyndman
Brooks,42,David,Brooks,David Brooks
Wilson,43,Callum,Wilson,Callum Wilson
Mousset,44,Lys,Mousset,Lys Mousset
King,45,Joshua,King,Joshua King
Defoe,46,Jermain,Defoe,Jermain Defoe
Clyne,241,Nathaniel,Clyne,Nathaniel Clyne
Solanke,259,Dominic,Solanke,Dominic Solanke
Rico,473,Diego,Rico,Diego Rico
Lerma,494,Jefferson,Lerma,Jefferson Lerma
Mepham,580,Chris,Mepham,Chris Mepham
Surridge,599,Sam,Surridge,Sam Surridge
Taylor,600,Kyle,Taylor,Kyle Taylor
Ofoborh,613,Nnamdi,Ofoborh,Nnamdi Ofoborh
Travers,616,Mark,Travers,Mark Travers
Butcher,620,Matt,Butcher,Matt Butcher
Ryan,47,Mathew,Ryan,Mathew Ryan
Dunk,48,Lewis,Dunk,Lewis Dunk
Duffy,49,Shane,Duffy,Shane Duffy
Bruno,50,Bruno,Saltor Grau,Bruno Saltor Grau
Bong,51,Gaëtan,Bong,Gaëtan Bong
Suttner,52,Markus,Suttner,Markus Suttner
Schelotto,53,Ezequiel,Schelotto,Ezequiel Schelotto
Balogun,54,Leon,Balogun,Leon Balogun
Knockaert,55,Anthony,Knockaert,Anthony Knockaert
Stephens,56,Dale,Stephens,Dale Stephens
Kayal,57,Beram,Kayal,Beram Kayal
March,58,Solomon,March,Solomon March
Groß,59,Pascal,Groß,Pascal Groß
Pröpper,60,Davy,Pröpper,Davy Pröpper
Izquierdo,61,José Heriberto,Izquierdo Mena,José Heriberto Izquierdo Mena
Murray,62,Glenn,Murray,Glenn Murray
Hemed,63,Tomer,Hemed,Tomer Hemed
Baldock,64,Sam,Baldock,Sam Baldock
Locadia,65,Jürgen,Locadia,Jürgen Locadia
Andone,66,Florin,Andone,Florin Andone
Button,179,David,Button,David Button
Steele,439,Jason,Steele,Jason Steele
Bernardo,440,Bernardo,Fernandes da Silva Junior,Bernardo Fernandes da Silva Junior
Bissouma,466,Yves,Bissouma,Yves Bissouma
Jahanbakhsh,476,Alireza,Jahanbakhsh,Alireza Jahanbakhsh
Montoya,503,Martín,Montoya,Martín Montoya
Gyokeres,551,Viktor,Gyokeres,Viktor Gyokeres
White,559,Ben,White,Ben White
Sanders,572,Max,Sanders,Max Sanders
Burn,582,Dan,Burn,Dan Burn
Molumby,617,Jayson,Molumby,Jayson Molumby
Heaton,67,Tom,Heaton,Tom Heaton
Pope,68,Nick,Pope,Nick Pope
Lowton,69,Matthew,Lowton,Matthew Lowton
Mee,70,Ben,Mee,Ben Mee
Ward,71,Stephen,Ward,Stephen Ward
Tarkowski,72,James,Tarkowski,James Tarkowski
Long,73,Kevin,Long,Kevin Long
Taylor,74,Charlie,Taylor,Charlie Taylor
Bardsley,75,Phil,Bardsley,Phil Bardsley
Gudmundsson,76,Johann Berg,Gudmundsson,Johann Berg Gudmundsson
Defour,77,Steven,Defour,Steven Defour
Hendrick,78,Jeff,Hendrick,Jeff Hendrick
Brady,79,Robbie,Brady,Robbie Brady
Westwood,80,Ashley,Westwood,Ashley Westwood
Walters,81,Jonathan,Walters,Jonathan Walters
Cork,82,Jack,Cork,Jack Cork
Lennon,83,Aaron,Lennon,Aaron Lennon
Vokes,84,Sam,Vokes,Sam Vokes
Barnes,85,Ashley,Barnes,Ashley Barnes
Wells,86,Nahki,Wells,Nahki Wells
Wood,87,Chris,Wood,Chris Wood
Lindegaard,485,Anders,Lindegaard,Anders Lindegaard
Hart,490,Joe,Hart,Joe Hart
Gibson,491,Ben,Gibson,Ben Gibson
Vydra,495,Matej,Vydra,Matej Vydra
McNeil,534,Dwight,McNeil,Dwight McNeil
Koiki,564,Abd-Al-Ali Morakinyo Olaposi,Koiki,Abd-Al-Ali Morakinyo Olaposi Koiki
Benson,583,Josh,Benson,Josh Benson
Crouch,590,Peter,Crouch,Peter Crouch
Driscoll-Glennon,615,Anthony,Driscoll-Glennon,Anthony Driscoll-Glennon
Arter,33,Harry,Arter,Harry Arter
Etheridge,88,Neil,Etheridge,Neil Etheridge
Smithies,89,Alex,Smithies,Alex Smithies
Morrison,90,Sean,Morrison,Sean Morrison
Bamba,91,Sol,Bamba,Sol Bamba
Ecuele Manga,92,Bruno,Ecuele Manga,Bruno Ecuele Manga
Connolly,93,Matthew,Connolly,Matthew Connolly
Bennett,94,Joe,Bennett,Joe Bennett
Peltier,95,Lee,Peltier,Lee Peltier
Jazz Richards,96,Ashley Darel Jazz,Richards,Ashley Darel Jazz Richards
Halford,97,Greg,Halford,Greg Halford
Ralls,98,Joe,Ralls,Joe Ralls
Hoilett,99,David Junior,Hoilett,David Junior Hoilett
Mendez-Laing,100,Nathaniel,Mendez-Laing,Nathaniel Mendez-Laing
Paterson,101,Callum,Paterson,Callum Paterson
Gunnarsson,102,Aron,Gunnarsson,Aron Gunnarsson
Pilkington,103,Anthony,Pilkington,Anthony Pilkington
Damour,104,Loïc,Damour,Loïc Damour
Ward,105,Danny,Ward,Danny Ward
Murphy,106,Josh,Murphy,Josh Murphy
Zohore,107,Kenneth,Zohore,Kenneth Zohore
Bogle,108,Omar,Bogle,Omar Bogle
Madine,109,Gary,Madine,Gary Madine
Reid,110,Bobby,Reid,Bobby Reid
Niasse,176,Oumar,Niasse,Oumar Niasse
Cunningham,467,Greg,Cunninghamm,Greg Cunninghamm
Camarasa,504,Víctor,Camarasa,Víctor Camarasa
Harris,535,Kadeem,Harris,Kadeem Harris
Brian Murphy,537,Brian,Murphy,Brian Murphy
Healey,573,Rhys,Healey,Rhys Healey
Bacuna,589,Leandro,Bacuna,Leandro Bacuna
Courtois,111,Thibaut,Courtois,Thibaut Courtois
Caballero,112,Willy,Caballero,Willy Caballero
Azpilicueta,113,César,Azpilicueta,César Azpilicueta
Cahill,114,Gary,Cahill,Gary Cahill
Alonso,115,Marcos,Alonso,Marcos Alonso
David Luiz,116,David,Luiz Moreira Marinho,David Luiz Moreira Marinho
Moses,117,Victor,Moses,Victor Moses
Rüdiger,118,Antonio,Rüdiger,Antonio Rüdiger
Christensen,119,Andreas,Christensen,Andreas Christensen
Zappacosta,120,Davide,Zappacosta,Davide Zappacosta
Emerson,121,Emerson,Palmieri dos Santos,Emerson Palmieri dos Santos
Hazard,122,Eden,Hazard,Eden Hazard
Fàbregas,123,Cesc,Fàbregas,Cesc Fàbregas
Willian,124,Willian,Borges Da Silva,Willian Borges Da Silva
Pedro,125,Pedro,Rodríguez Ledesma,Pedro Rodríguez Ledesma
Kanté,126,N'Golo,Kanté,N'Golo Kanté
Barkley,127,Ross,Barkley,Ross Barkley
Drinkwater,128,Daniel,Drinkwater,Daniel Drinkwater
Bakayoko,129,Tiemoué,Bakayoko,Tiemoué Bakayoko
Ampadu,130,Ethan,Ampadu,Ethan Ampadu
Hudson-Odoi,131,Callum,Hudson-Odoi,Callum Hudson-Odoi
Loftus-Cheek,132,Ruben,Loftus-Cheek,Ruben Loftus-Cheek
Giroud,133,Olivier,Giroud,Olivier Giroud
Morata,134,Álvaro,Morata,Álvaro Morata
Jorginho,459,Jorge Luiz,Frello Filho,Jorge Luiz Frello Filho
Abraham,496,Tammy,Abraham,Tammy Abraham
Kepa,498,Kepa,Arrizabalaga,Kepa Arrizabalaga
Kovacic,499,Mateo,Kovacic,Mateo Kovacic
Higuaín,579,Gonzalo,Higuaín,Gonzalo Higuaín
Guehi,624,Addji Keaninkin Marc-Israel,Guehi,Addji Keaninkin Marc-Israel Guehi
Hennessey,135,Wayne,Hennessey,Wayne Hennessey
Speroni,136,Julian,Speroni,Julian Speroni
Guaita,137,Vicente,Guaita,Vicente Guaita
Tomkins,138,James,Tomkins,James Tomkins
Dann,139,Scott,Dann,Scott Dann
Kelly,140,Martin,Kelly,Martin Kelly
Schlupp,141,Jeffrey,Schlupp,Jeffrey Schlupp
van Aanholt,142,Patrick,van Aanholt,Patrick van Aanholt
Sakho,143,Mamadou,Sakho,Mamadou Sakho
Riedewald,144,Jairo,Riedewald,Jairo Riedewald
Wan-Bissaka,145,Aaron,Wan-Bissaka,Aaron Wan-Bissaka
McArthur,147,James,McArthur,James McArthur
Sako,148,Bakary,Sako,Bakary Sako
Townsend,149,Andros,Townsend,Andros Townsend
Milivojevic,150,Luka,Milivojevic,Luka Milivojevic
Zaha,151,Wilfried,Zaha,Wilfried Zaha
Benteke,152,Christian,Benteke,Christian Benteke
Sørloth,153,Alexander,Sørloth,Alexander Sørloth
Kouyaté,412,Cheikhou,Kouyaté,Cheikhou Kouyaté
Ward,441,Joel,Ward,Joel Ward
Jach,442,Jaroslaw,Jach,Jaroslaw Jach
Souaré,443,Pape,Souaré,Pape Souaré
Wickham,444,Connor,Wickham,Connor Wickham
Kaikai,477,Sullay,Kaikai,Sullay Kaikai
Meyer,486,Max,Meyer,Max Meyer
Ayew,505,Jordan,Ayew,Jordan Ayew
Tupper,576,Joe,Tupper,Joe Tupper
Perri,584,Lucas,Perri,Lucas Perri
Batshuayi,592,Michy,Batshuayi,Michy Batshuayi
Woods,609,Sam,Woods,Sam Woods
Dreher,618,Luke,Dreher,Luke Dreher
Tavares,619,Nikola,Tavares,Nikola Tavares
Pickford,154,Jordan,Pickford,Jordan Pickford
Stekelenburg,155,Maarten,Stekelenburg,Maarten Stekelenburg
Baines,156,Leighton,Baines,Leighton Baines
Coleman,157,Seamus,Coleman,Seamus Coleman
Jagielka,158,Phil,Jagielka,Phil Jagielka
Williams,159,Ashley,Williams,Ashley Williams
Holgate,160,Mason,Holgate,Mason Holgate
Kenny,161,Jonjoe,Kenny,Jonjoe Kenny
Keane,162,Michael,Keane,Michael Keane
Martina,163,Cuco,Martina,Cuco Martina
Walcott,164,Theo,Walcott,Theo Walcott
Bolasie,165,Yannick,Bolasie,Yannick Bolasie
McCarthy,166,James,McCarthy,James McCarthy
Schneiderlin,167,Morgan,Schneiderlin,Morgan Schneiderlin
Gueye,168,Idrissa,Gueye,Idrissa Gueye
Davies,169,Tom,Davies,Tom Davies
Lookman,170,Ademola,Lookman,Ademola Lookman
Klaassen,171,Davy,Klaassen,Davy Klaassen
Sigurdsson,172,Gylfi,Sigurdsson,Gylfi Sigurdsson
Vlasic,173,Nikola,Vlasic,Nikola Vlasic
Baningime,174,Beni,Baningime,Beni Baningime
Calvert-Lewin,175,Dominic,Calvert-Lewin,Dominic Calvert-Lewin
Tosun,177,Cenk,Tosun,Cenk Tosun
Richarlison,393,Richarlison,de Andrade,Richarlison de Andrade
Mirallas,469,Kevin,Mirallas,Kevin Mirallas
Sandro,470,Sandro,Ramírez,Sandro Ramírez
Digne,484,Lucas,Digne,Lucas Digne
Mina,506,Yerry,Mina,Yerry Mina
Bernard,507,Bernard,Anício Caldeira Duarte,Bernard Anício Caldeira Duarte
André Gomes,508,André Filipe,Tavares Gomes,André Filipe Tavares Gomes
Zouma,526,Kurt,Zouma,Kurt Zouma
Dowell,528,Kieran,Dowell,Kieran Dowell
Browning,532,Tyias,Browning,Tyias Browning
Chambers,9,Calum,Chambers,Calum Chambers
Bettinelli,178,Marcus,Bettinelli,Marcus Bettinelli
Ream,180,Tim,Ream,Tim Ream
Odoi,181,Denis,Odoi,Denis Odoi
Cairney,182,Tom,Cairney,Tom Cairney
McDonald,183,Kevin,McDonald,Kevin McDonald
Sessegnon,184,Ryan,Sessegnon,Ryan Sessegnon
Johansen,185,Stefan,Johansen,Stefan Johansen
Ayité,186,Floyd,Ayité,Floyd Ayité
Kebano,187,Neeskens,Kebano,Neeskens Kebano
Fonte,188,Rui Pedro,da Rocha Fonte,Rui Pedro da Rocha Fonte
Kamara,189,Aboubakar,Kamara,Aboubakar Kamara
Le Marchand,455,Maxime,Le Marchand,Maxime Le Marchand
Seri,456,Jean Michael,Seri,Jean Michael Seri
Christie,460,Cyrus,Christie,Cyrus Christie
Fabri,474,Fabricio,Agosto Ramírez,Fabricio Agosto Ramírez
Schürrle,478,André,Schürrle,André Schürrle
Mitrovic,480,Aleksandar,Mitrovic,Aleksandar Mitrovic
Mawson,487,Alfie,Mawson,Alfie Mawson
Rico,509,Sergio,Rico,Sergio Rico
Bryan,510,Joe,Bryan,Joe Bryan
Fosu-Mensah,511,Timothy,Fosu-Mensah,Timothy Fosu-Mensah
Zambo Anguissa,512,André-Frank,Zambo Anguissa,André-Frank Zambo Anguissa
Vietto,513,Luciano,Vietto,Luciano Vietto
Cissé,521,Ibrahima,Cissé,Ibrahima Cissé
Steven Sessegnon,541,Zeze Steven,Sessegnon,Zeze Steven Sessegnon
Babel,575,Ryan,Babel,Ryan Babel
Nordtveit,593,Håvard,Nordtveit,Håvard Nordtveit
Markovic,594,Lazar,Markovic,Lazar Markovic
Elliott,610,Harvey,Elliott,Harvey Elliott
De La Torre,621,Luca,De La Torre,Luca De La Torre
Puncheon,146,Jason,Puncheon,Jason Puncheon
Hamer,190,Ben,Hamer,Ben Hamer
Lössl,191,Jonas,Lössl,Jonas Lössl
Schindler,192,Christopher,Schindler,Christopher Schindler
Löwe,193,Chris,Löwe,Chris Löwe
Smith,194,Tommy,Smith,Tommy Smith
Zanka,195,Mathias,Jorgensen,Mathias Jorgensen
Malone,196,Scott,Malone,Scott Malone
Hadergjonaj,197,Florent,Hadergjonaj,Florent Hadergjonaj
Kongolo,198,Terence,Kongolo,Terence Kongolo
Mooy,199,Aaron,Mooy,Aaron Mooy
van La Parra,200,Rajiv,van La Parra,Rajiv van La Parra
Hogg,201,Jonathan,Hogg,Jonathan Hogg
Billing,202,Philip,Billing,Philip Billing
Ince,203,Tom,Ince,Tom Ince
Williams,204,Danny,Williams,Danny Williams
Sabiri,205,Abdelhamid,Sabiri,Abdelhamid Sabiri
Pritchard,206,Alex,Pritchard,Alex Pritchard
Sobhi,207,Ramadan,Sobhi,Ramadan Sobhi
Bacuna,208,Juninho,Bacuna,Juninho Bacuna
Quaner,209,Collin,Quaner,Collin Quaner
Depoitre,210,Laurent,Depoitre,Laurent Depoitre
Mounie,211,Steve,Mounie,Steve Mounie
Kachunga,212,Elias,Kachunga,Elias Kachunga
Durm,461,Erik,Durm,Erik Durm
Diakhaby,471,Adama,Diakhaby,Adama Diakhaby
Mbenza,514,Isaac,Mbenza,Isaac Mbenza
Stankovic,522,Jon Gorenc,Stankovic,Jon Gorenc Stankovic
Schofield,533,Ryan,Schofield,Ryan Schofield
Grant,585,Karlan,Grant,Karlan Grant
Coleman,598,Joel,Coleman,Joel Coleman
Duhaney,601,Demeaco,Duhaney,Demeaco Duhaney
Daly,606,Matthew,Daly,Matthew Daly
Rowe,607,Aaron,Rowe,Aaron Rowe
Schmeichel,213,Kasper,Schmeichel,Kasper Schmeichel
Jakupovic,214,Eldin,Jakupovic,Eldin Jakupovic
Morgan,215,Wes,Morgan,Wes Morgan
Fuchs,216,Christian,Fuchs,Christian Fuchs
Simpson,217,Danny,Simpson,Danny Simpson
Benalouane,218,Yohan,Benalouane,Yohan Benalouane
Chilwell,219,Benjamin,Chilwell,Benjamin Chilwell
Maguire,220,Harry,Maguire,Harry Maguire
Pereira,221,Ricardo Domingos,Barbosa Pereira,Ricardo Domingos Barbosa Pereira
Evans,222,Jonny,Evans,Jonny Evans
Albrighton,224,Marc,Albrighton,Marc Albrighton
Gray,225,Demarai,Gray,Demarai Gray
Amartey,226,Daniel,Amartey,Daniel Amartey
Ndidi,227,Wilfred,Ndidi,Wilfred Ndidi
Iborra,228,Vicente,Iborra,Vicente Iborra
James,229,Matty,James,Matty James
Choudhury,230,Hamza,Choudhury,Hamza Choudhury
Silva,231,Adrien Sebastian,Perruchet Silva,Adrien Sebastian Perruchet Silva
Diabaté,232,Fousseni,Diabaté,Fousseni Diabaté
Maddison,233,James,Maddison,James Maddison
Vardy,234,Jamie,Vardy,Jamie Vardy
Okazaki,235,Shinji,Okazaki,Shinji Okazaki
Iheanacho,236,Kelechi,Iheanacho,Kelechi Iheanacho
Ward,457,Danny,Ward,Danny Ward
Ghezzal,492,Rachid,Ghezzal,Rachid Ghezzal
Benkovic,501,Filip,Benkovic,Filip Benkovic
Söyüncü,515,Çaglar,Söyüncü,Çaglar Söyüncü
Mendy,527,Nampalys,Mendy,Nampalys Mendy
Knight,558,Josh,Knight,Josh Knight
Barnes,571,Harvey,Barnes,Harvey Barnes
Tielemans,591,Youri,Tielemans,Youri Tielemans
Mignolet,237,Simon,Mignolet,Simon Mignolet
Karius,238,Loris,Karius,Loris Karius
Lovren,239,Dejan,Lovren,Dejan Lovren
Moreno,240,Alberto,Moreno,Alberto Moreno
Gomez,242,Joseph,Gomez,Joseph Gomez
Matip,243,Joel,Matip,Joel Matip
Klavan,244,Ragnar,Klavan,Ragnar Klavan
Alexander-Arnold,245,Trent,Alexander-Arnold,Trent Alexander-Arnold
van Dijk,246,Virgil,van Dijk,Virgil van Dijk
Robertson,247,Andrew,Robertson,Andrew Robertson
Chamberlain,248,Alex,Oxlade-Chamberlain,Alex Oxlade-Chamberlain
Henderson,249,Jordan,Henderson,Jordan Henderson
Lallana,250,Adam,Lallana,Adam Lallana
Mané,251,Sadio,Mané,Sadio Mané
Wijnaldum,252,Georginio,Wijnaldum,Georginio Wijnaldum
Salah,253,Mohamed,Salah,Mohamed Salah
Milner,254,James,Milner,James Milner
Fabinho,255,Fabio Henrique,Tavares,Fabio Henrique Tavares
Keita,256,Naby,Keita,Naby Keita
Firmino,257,Roberto,Firmino,Roberto Firmino
Shaqiri,462,Xherdan,Shaqiri,Xherdan Shaqiri
Alisson,468,Alisson,Ramses Becker,Alisson Ramses Becker
Sturridge,472,Daniel,Sturridge,Daniel Sturridge
Origi,543,Divock,Origi,Divock Origi
Camacho,557,Rafael,Camacho,Rafael Camacho
Jones,597,Curtis,Jones,Curtis Jones
Mahrez,223,Riyad,Mahrez,Riyad Mahrez
Ederson,260,Ederson,Santana de Moraes,Ederson Santana de Moraes
Bravo,261,Claudio,Bravo,Claudio Bravo
Stones,262,John,Stones,John Stones
Kompany,263,Vincent,Kompany,Vincent Kompany
Otamendi,264,Nicolás,Otamendi,Nicolás Otamendi
Walker,265,Kyle,Walker,Kyle Walker
Danilo,266,Danilo Luiz,da Silva,Danilo Luiz da Silva
Mendy,267,Benjamin,Mendy,Benjamin Mendy
Laporte,268,Aymeric,Laporte,Aymeric Laporte
Delph,269,Fabian,Delph,Fabian Delph
Sterling,270,Raheem,Sterling,Raheem Sterling
David Silva,271,David,Silva,David Silva
Fernandinho,272,Fernando,Luiz Rosa,Fernando Luiz Rosa
De Bruyne,273,Kevin,De Bruyne,Kevin De Bruyne
Gündogan,274,Ilkay,Gündogan,Ilkay Gündogan
Sané,275,Leroy,Sané,Leroy Sané
Bernardo Silva,276,Bernardo Mota,Veiga de Carvalho e Silva,Bernardo Mota Veiga de Carvalho e Silva
Foden,277,Phil,Foden,Phil Foden
Diaz,278,Brahim,Diaz,Brahim Diaz
Zinchenko,279,Oleksandr,Zinchenko,Oleksandr Zinchenko
Agüero,280,Sergio,Agüero,Sergio Agüero
Jesus,281,Gabriel Fernando,de Jesus,Gabriel Fernando de Jesus
Muric,529,Arijanet,Muric,Arijanet Muric
Sandler,604,Philippe,Sandler,Philippe Sandler
de Gea,282,David,de Gea,David de Gea
Romero,283,Sergio,Romero,Sergio Romero
Smalling,284,Chris,Smalling,Chris Smalling
Jones,285,Phil,Jones,Phil Jones
Shaw,286,Luke,Shaw,Luke Shaw
Rojo,287,Marcos,Rojo,Marcos Rojo
Valencia,288,Antonio,Valencia,Antonio Valencia
Darmian,289,Matteo,Darmian,Matteo Darmian
Blind,290,Daley,Blind,Daley Blind
Bailly,291,Eric,Bailly,Eric Bailly
Lindelöf,292,Victor,Lindelöf,Victor Lindelöf
Young,293,Ashley,Young,Ashley Young
Dalot,294,José Diogo,Dalot Teixeira,José Diogo Dalot Teixeira
Sánchez,295,Alexis,Sánchez,Alexis Sánchez
Matic,296,Nemanja,Matic,Nemanja Matic
Mata,297,Juan,Mata,Juan Mata
Fellaini,298,Marouane,Fellaini,Marouane Fellaini
Herrera,299,Ander,Herrera,Ander Herrera
Lingard,300,Jesse,Lingard,Jesse Lingard
Martial,301,Anthony,Martial,Anthony Martial
Pogba,302,Paul,Pogba,Paul Pogba
McTominay,303,Scott,McTominay,Scott McTominay
Fred,304,Frederico,Rodrigues de Paula Santos,Frederico Rodrigues de Paula Santos
Rashford,305,Marcus,Rashford,Marcus Rashford
Lukaku,306,Romelu,Lukaku,Romelu Lukaku
Pereira,481,Andreas,Pereira,Andreas Pereira
Grant,520,Lee,Grant,Lee Grant
Gomes,568,Angel,Gomes,Angel Gomes
Garner,602,James,Garner,James Garner
Chong,603,Tahith,Chong,Tahith Chong
Greenwood,608,Mason,Greenwood,Mason Greenwood
Elliot,307,Robert,Elliot,Robert Elliot
Darlow,308,Karl,Darlow,Karl Darlow
Dubravka,309,Martin,Dubravka,Martin Dubravka
Yedlin,310,DeAndre,Yedlin,DeAndre Yedlin
Clark,311,Ciaran,Clark,Ciaran Clark
Lascelles,312,Jamaal,Lascelles,Jamaal Lascelles
Dummett,313,Paul,Dummett,Paul Dummett
Lejeune,314,Florian,Lejeune,Florian Lejeune
Manquillo,315,Javier,Manquillo,Javier Manquillo
Mbemba,316,Chancel,Mbemba,Chancel Mbemba
Ritchie,317,Matt,Ritchie,Matt Ritchie
Shelvey,318,Jonjo,Shelvey,Jonjo Shelvey
Diamé,319,Mohamed,Diamé,Mohamed Diamé
Atsu,320,Christian,Atsu,Christian Atsu
Murphy,321,Jacob,Murphy,Jacob Murphy
Merino,322,Mikel,Merino,Mikel Merino
Hayden,323,Isaac,Hayden,Isaac Hayden
Ki Sung-yueng,324,Sung-yueng,Ki,Sung-yueng Ki
Gayle,325,Dwight,Gayle,Dwight Gayle
Pérez,326,Ayoze,Pérez,Ayoze Pérez
Joselu,327,Jose Luis,Mato Sanmartín,Jose Luis Mato Sanmartín
Kenedy,458,Robert Kenedy,Nunes do Nascimento,Robert Kenedy Nunes do Nascimento
Schär,482,Fabian,Schär,Fabian Schär
Muto,488,Yoshinori,Muto,Yoshinori Muto
Rondón,493,Salomón,Rondón,Salomón Rondón
Fernández,516,Federico,Fernández,Federico Fernández
Sterry,530,Jamie,Sterry,Jamie Sterry
Longstaff,531,Sean,Longstaff,Sean Longstaff
Woodman,553,Frederick,Woodman,Frederick Woodman
Roberts,577,Callum,Roberts,Callum Roberts
Almirón,587,Miguel,Almirón,Miguel Almirón
Barreca,588,Antonio,Barreca,Antonio Barreca
Watts,622,Kelland,Watts,Kelland Watts
Cass,623,Lewis,Cass,Lewis Cass
Ings,258,Danny,Ings,Danny Ings
McCarthy,328,Alex,McCarthy,Alex McCarthy
Forster,329,Fraser,Forster,Fraser Forster
Bertrand,330,Ryan,Bertrand,Ryan Bertrand
Yoshida,331,Maya,Yoshida,Maya Yoshida
Cédric,332,Cédric,Soares,Cédric Soares
Stephens,333,Jack,Stephens,Jack Stephens
McQueen,334,Sam,McQueen,Sam McQueen
Bednarek,335,Jan,Bednarek,Jan Bednarek
Hoedt,336,Wesley,Hoedt,Wesley Hoedt
Davis,337,Steven,Davis,Steven Davis
Ward-Prowse,338,James,Ward-Prowse,James Ward-Prowse
Oriol Romeu,339,Oriol,Romeu Vidal,Oriol Romeu Vidal
Højbjerg,340,Pierre-Emile,Højbjerg,Pierre-Emile Højbjerg
Boufal,341,Sofiane,Boufal,Sofiane Boufal
Sims,342,Joshua,Sims,Joshua Sims
Redmond,343,Nathan,Redmond,Nathan Redmond
Lemina,344,Mario,Lemina,Mario Lemina
Armstrong,345,Stuart,Armstrong,Stuart Armstrong
Elyounoussi,346,Mohamed,Elyounoussi,Mohamed Elyounoussi
Long,347,Shane,Long,Shane Long
Austin,348,Charlie,Austin,Charlie Austin
Gabbiadini,349,Manolo,Gabbiadini,Manolo Gabbiadini
Carrillo,350,Guido,Carrillo,Guido Carrillo
Gunn,452,Angus,Gunn,Angus Gunn
Vestergaard,463,Jannik,Vestergaard,Jannik Vestergaard
Targett,479,Matt,Targett,Matt Targett
Obafemi,550,Michael,Obafemi,Michael Obafemi
Valery,556,Yan,Valery,Yan Valery
Johnson,562,Tyreke,Johnson,Tyreke Johnson
Ramsay,565,Kayne,Ramsay,Kayne Ramsay
Slattery,570,Callum,Slattery,Callum Slattery
Gallagher,574,Sam,Gallagher,Sam Gallagher
Jones,595,Alfie,Jones,Alfie Jones
Lloris,351,Hugo,Lloris,Hugo Lloris
Vorm,352,Michel,Vorm,Michel Vorm
Alderweireld,353,Toby,Alderweireld,Toby Alderweireld
Rose,354,Danny,Rose,Danny Rose
Vertonghen,355,Jan,Vertonghen,Jan Vertonghen
Davies,356,Ben,Davies,Ben Davies
Trippier,357,Kieran,Trippier,Kieran Trippier
Walker-Peters,358,Kyle,Walker-Peters,Kyle Walker-Peters
Sánchez,359,Davinson,Sánchez,Davinson Sánchez
Aurier,360,Serge,Aurier,Serge Aurier
Dier,361,Eric,Dier,Eric Dier
Dembélé,362,Mousa,Dembélé,Mousa Dembélé
Lamela,363,Erik,Lamela,Erik Lamela
Eriksen,364,Christian,Eriksen,Christian Eriksen
Alli,365,Bamidele,Alli,Bamidele Alli
Wanyama,366,Victor,Wanyama,Victor Wanyama
Son,367,Heung-Min,Son,Heung-Min Son
Winks,368,Harry,Winks,Harry Winks
Sissoko,369,Moussa,Sissoko,Moussa Sissoko
Lucas Moura,370,Lucas,Rodrigues Moura da Silva,Lucas Rodrigues Moura da Silva
Llorente,371,Fernando,Llorente,Fernando Llorente
Kane,372,Harry,Kane,Harry Kane
Nkoudou,497,Georges-Kévin,Nkoudou,Georges-Kévin Nkoudou
Amos,523,Luke,Amos,Luke Amos
Gazzaniga,536,Paulo,Gazzaniga,Paulo Gazzaniga
Whiteman,538,Alfie,Whiteman,Alfie Whiteman
Skipp,540,Oliver,Skipp,Oliver Skipp
Foyth,549,Juan,Foyth,Juan Foyth
Eyoma,561,Timothy,Eyoma,Timothy Eyoma
Sterling,578,Kazaiah,Sterling,Kazaiah Sterling
Marsh,612,George,Marsh,George Marsh
Janssen,614,Vincent,Janssen,Vincent Janssen
Gomes,373,Heurelho,Gomes,Heurelho Gomes
Dahlberg,374,Pontus,Dahlberg,Pontus Dahlberg
Kaboul,375,Younes,Kaboul,Younes Kaboul
Cathcart,376,Craig,Cathcart,Craig Cathcart
Prödl,377,Sebastian,Prödl,Sebastian Prödl
Holebas,378,José,Holebas,José Holebas
Britos,379,Miguel,Britos,Miguel Britos
Kabasele,380,Christian,Kabasele,Christian Kabasele
Janmaat,381,Daryl,Janmaat,Daryl Janmaat
Mariappa,382,Adrian,Mariappa,Adrian Mariappa
Kiko Femenía,383,Francisco,Femenía Far,Francisco Femenía Far
Zeegelaar,384,Marvin,Zeegelaar,Marvin Zeegelaar
Navarro,385,Marc,Navarro,Marc Navarro
Masina,386,Adam,Masina,Adam Masina
Chalobah,387,Nathaniel,Chalobah,Nathaniel Chalobah
Cleverley,388,Tom,Cleverley,Tom Cleverley
Capoue,389,Etienne,Capoue,Etienne Capoue
Doucouré,390,Abdoulaye,Doucouré,Abdoulaye Doucouré
Pereyra,391,Roberto,Pereyra,Roberto Pereyra
Hughes,392,Will,Hughes,Will Hughes
Deulofeu,394,Gerard,Deulofeu,Gerard Deulofeu
Gray,395,Andre,Gray,Andre Gray
Deeney,396,Troy,Deeney,Troy Deeney
Okaka,397,Stefano,Okaka,Stefano Okaka
Sinclair,398,Jerome,Sinclair,Jerome Sinclair
Foster,445,Ben,Foster,Ben Foster
Sema,446,Ken,Sema,Ken Sema
Quina,517,Domingos,Quina,Domingos Quina
Success,524,Isaac,Success Ajayi,Isaac Success Ajayi
Wilmot,544,Ben,Wilmot,Ben Wilmot
Peñaranda,554,Adalberto,Peñaranda,Adalberto Peñaranda
Adrián,399,Adrián,San Miguel del Castillo,Adrián San Miguel del Castillo
Fabianski,400,Lukasz,Fabianski,Lukasz Fabianski
Reid,401,Winston,Reid,Winston Reid
Cresswell,402,Aaron,Cresswell,Aaron Cresswell
Ogbonna,403,Angelo,Ogbonna,Angelo Ogbonna
Byram,404,Sam,Byram,Sam Byram
Zabaleta,405,Pablo,Zabaleta,Pablo Zabaleta
Rice,406,Declan,Rice,Declan Rice
Oxford,407,Reece,Oxford,Reece Oxford
Fredericks,408,Ryan,Fredericks,Ryan Fredericks
Diop,409,Issa,Diop,Issa Diop
Masuaku,410,Arthur,Masuaku,Arthur Masuaku
Noble,411,Mark,Noble,Mark Noble
Obiang,413,Pedro,Obiang,Pedro Obiang
Lanzini,414,Manuel,Lanzini,Manuel Lanzini
Antonio,415,Michail,Antonio,Michail Antonio
Fernandes,416,Edimilson,Fernandes,Edimilson Fernandes
Arnautovic,417,Marko,Arnautovic,Marko Arnautovic
Carroll,418,Andy,Carroll,Andy Carroll
Chicharito,419,Javier,Hernández Balcázar,Javier Hernández Balcázar
Hugill,420,Jordan,Hugill,Jordan Hugill
Wilshere,447,Jack,Wilshere,Jack Wilshere
Yarmolenko,453,Andriy,Yarmolenko,Andriy Yarmolenko
Balbuena,464,Fabián,Balbuena,Fabián Balbuena
Felipe Anderson,465,Felipe Anderson,Pereira Gomes,Felipe Anderson Pereira Gomes
Snodgrass,489,Robert,Snodgrass,Robert Snodgrass
Lucas,502,Lucas,Pérez,Lucas Pérez
Carlos Sánchez,518,Carlos,Sánchez,Carlos Sánchez
Diangana,539,Grady,Diangana,Grady Diangana
Powell,547,Joe,Powell,Joe Powell
Coventry,548,Conor,Coventry,Conor Coventry
Xande Silva,560,Alexandre Nascimento,Costa Silva,Alexandre Nascimento Costa Silva
Nasri,569,Samir,Nasri,Samir Nasri
Johnson,605,Ben,Johnson,Ben Johnson
Holland,611,Nathan,Holland,Nathan Holland
Ruddy,421,John,Ruddy,John Ruddy
Norris,422,Will,Norris,Will Norris
Boly,423,Willy,Boly,Willy Boly
Douglas,424,Barry,Douglas,Barry Douglas
Doherty,425,Matt,Doherty,Matt Doherty
Saïss,426,Romain,Saïss,Romain Saïss
Bennett,427,Ryan,Bennett,Ryan Bennett
Batth,428,Danny,Batth,Danny Batth
Miranda,429,Roderick Jefferson,Gonçalves Miranda,Roderick Jefferson Gonçalves Miranda
Coady,430,Conor,Coady,Conor Coady
Vinagre,431,Rúben Gonçalo,Silva Nascimento Vinagre,Rúben Gonçalo Silva Nascimento Vinagre
Jota,432,Diogo,Jota,Diogo Jota
Neves,433,Rúben Diogo,da Silva Neves,Rúben Diogo da Silva Neves
Cavaleiro,434,Ivan,Cavaleiro,Ivan Cavaleiro
Costa,435,Hélder,Costa,Hélder Costa
Enobakhare,436,Bright,Enobakhare,Bright Enobakhare
Jiménez,437,Raúl,Jiménez,Raúl Jiménez
Bonatini,438,Bonatini Lohner Maia,Bonatini,Bonatini Lohner Maia Bonatini
Gibbs-White,448,Morgan,Gibbs-White,Morgan Gibbs-White
Mir,449,Rafa,Mir,Rafa Mir
Patrício,454,Rui Pedro,dos Santos Patrício,Rui Pedro dos Santos Patrício
Moutinho,475,João Filipe Iria,Santos Moutinho,João Filipe Iria Santos Moutinho
Jonny,483,Jonathan,Castro Otto,Jonathan Castro Otto
Traoré,500,Adama,Traoré,Adama Traoré
Dendoncker,519,Leander,Dendoncker,Leander Dendoncker
Hause,525,Kortney,Hause,Kortney Hause
Giles,555,Ryan John,Giles,Ryan John Giles
Kilman,567,Max,Kilman,Max Kilman
John,596,Cameron,John,Cameron John
